Fazenda,Talhao,Data,Corte,Toneladas
1,1001,2026-10-20,MAN,1130
1,1002,2026-10-22,MAN,800
1,1003,2027-02-02,MAN,413
1,1004,2027-02-02,MAN,211
1,1005,2026-10-18,MAN,740
1,1006,2026-10-22,MAN,450
1,1007,2027-02-01,MAN,205
1,1009,2027-02-01,MAN,146
1,1013,2027-02-01,MAN,140
1,1017,2026-10-28,MAN,163
1,1018,2026-10-28,MAN,40
1,1021,2026-10-18,MAN,585
1,1022,2026-10-28,MAN,110
1,1023,2026-10-28,MAN,340
1,1024,2027-02-01,MAN,353
1,1025,2027-02-01,MAN,265
1,1026,2027-02-01,MAN,306
1,1027,2027-02-03,MAN,210
1,1028,2027-02-03,MAN,590
1,1029,2027-02-03,MAN,85
1,1030,2027-02-03,MAN,524
1,1031,2027-02-03,MAN,720
1,1032,2027-02-07,MAN,250
1,1033,2027-02-07,MAN,100
1,1035,2027-02-07,MAN,220
1,1036,2027-02-07,MAN,243
1,1037,2027-02-07,MAN,150
1,1038,2027-02-07,MAN,70
1,1039,2027-02-09,MAN,102
1,1040,2027-02-09,MAN,230
1,1041,2027-02-09,MAN,260
1,1042,2027-02-09,MAN,162
1,1043,2027-02-09,MAN,300
1,1044,2027-02-09,MAN,348
1,1045,2027-02-09,MAN,41
1,1046,2027-02-09,MAN,153
1,1047,2026-10-31,MAN,220
1,1048,2027-02-08,MAN,342
1,1049,2027-02-09,MAN,470
1,1050,2027-02-08,MAN,90
1,1052,2027-02-08,MAN,200
1,1053,2027-02-08,MAN,200
1,1054,2026-10-30,MAN,460
1,1055,2026-10-30,MAN,545
1,1056,2026-10-30,MAN,120
1,1057,2026-10-30,MAN,143
1,1058,2026-10-30,MAN,478
1,1059,2026-10-29,MAN,58
1,1060,2026-10-29,MAN,163
1,1061,2026-10-29,MAN,280
1,1062,2026-10-29,MAN,212
1,1063,2026-10-29,MAN,357
1,1064,2026-10-29,MAN,267
2,1002,2027-01-29,MAN,1231
2,1003,2027-01-29,MAN,838
2,1004,2027-01-28,MAN,539.55
2,1005,2027-01-28,MAN,721.35
2,1006,2027-01-28,MAN,915
2,1007,2027-01-27,MAN,903.15
2,1008,2027-01-27,MAN,1087.1
4,1001,2027-01-27,MEC,1200
4,1001,2027-01-28,MEC,550
4,1004,2026-10-17,MAN,150
4,1006,2027-01-28,MEC,550
4,1006,2027-01-29,MEC,870
4,1007,2027-01-29,MEC,237
4,1007,2027-01-30,MEC,1100
4,1008,2027-01-31,MEC,1260
4,1009,2027-02-02,MEC,1200
4,1010,2027-02-03,MEC,1073
4,1011,2027-02-04,MEC,987
4,1012,2027-02-04,MEC,200
4,1012,2027-02-05,MEC,430
4,1013,2026-10-17,MAN,188
4,1014,2027-02-06,MEC,988
4,1015,2027-02-07,MEC,788
4,1016,2027-02-07,MEC,300
4,1016,2027-02-09,MEC,600
4,1017,2027-02-10,MEC,500
4,1017,2027-02-11,MEC,320
4,1018,2027-02-11,MEC,741
4,1019,2026-10-16,MAN,272
4,1020,2026-10-16,MAN,185
4,1021,2026-10-16,MAN,155
4,1022,2026-10-16,MAN,155
4,1023,2026-10-16,MAN,530
4,1024,2027-02-16,MAN,1357
4,1025,2026-09-26,MEC,1416
4,1026,2026-09-29,MEC,310
4,1027,2026-09-27,MEC,1580
4,1028,2026-09-27,MEC,717
4,1029,2026-09-29,MEC,1430
4,1030,2026-09-30,MEC,1355
4,1031,2026-09-30,MEC,2472
4,1032,2026-10-01,MEC,2028
4,1033,2026-10-02,MEC,1565
4,1034,2026-10-03,MEC,2100
4,1035,2026-10-04,MEC,1000
4,1036,2026-10-17,MAN,300
4,1037,2026-10-06,MEC,480
4,1038,2027-02-12,MEC,1330
4,1039,2026-10-06,MEC,1065
4,1040,2027-02-13,MEC,1400
4,1041,2027-02-14,MEC,700
4,1042,2027-02-14,MEC,794
4,1044,2027-02-16,MEC,961
4,1045,2027-02-17,MEC,885
4,1046,2027-02-17,MEC,538
4,1047,2027-02-18,MEC,912
5,1001,2026-11-01,MEC,676
6,1004,2026-11-15,MEC,1879
6,1005,2026-11-15,MEC,250
6,1005,2026-11-17,MEC,2200
6,1005,2026-11-18,MEC,1300
6,1006,2026-11-18,MEC,1000
6,1006,2026-11-19,MEC,1143
6,1007,2026-11-19,MEC,1000
6,1007,2026-11-20,MEC,2013
6,1008,2026-11-21,MEC,215
6,1009,2026-11-21,MEC,370
6,1010,2026-11-21,MEC,1630
6,1011,2026-11-22,MEC,1790
6,1012,2026-11-24,MEC,1880
6,3001,2026-11-25,MEC,1633
6,3002,2026-11-25,MEC,500
6,3002,2026-11-26,MEC,2138
6,3003,2026-11-27,MEC,1108
6,3004,2027-01-03,MAN,400
7,1001,2026-09-15,MEC,2164
7,1003,2026-09-15,MEC,142
7,1004,2026-09-16,MEC,826
7,1005,2026-09-16,MEC,215
7,1006,2026-09-16,MEC,422
7,1007,2026-09-17,MEC,777
8,1001,2026-09-23,MAN,650
8,1002,2027-04-07,MEC,700
8,1004,2027-04-04,MEC,930
8,1005,2027-04-02,MEC,2150
8,1006,2027-03-31,MEC,2040
8,1007,2027-03-30,MEC,1670
8,1008,2027-03-28,MEC,1200
8,1009,2026-11-01,MAN,740
8,1010,2026-09-09,MAN,640
8,1011,2026-11-01,MAN,335
8,1012,2026-11-20,MAN,1755
8,1012,2027-03-26,MEC,1750
8,1013,2027-03-27,MEC,1230
8,1015,2027-03-28,MEC,920
8,1016,2027-03-30,MEC,925
8,1019,2027-03-31,MEC,400
8,1019,2027-04-02,MEC,510
8,1019,2027-04-07,MEC,1291
8,1020,2027-04-03,MEC,1150
8,1022,2027-04-04,MEC,1130
8,1023,2027-04-07,MEC,800
8,1024,2027-04-07,MEC,500
8,1025,2026-09-21,MAN,400
8,1026,2026-09-22,MAN,500
8,1026,2026-10-07,MAN,515
8,1027,2026-09-23,MAN,450
8,1027,2026-10-13,MAN,450
8,1028,2027-04-07,MEC,230
8,1029,2027-04-06,MEC,900
8,1029,2027-04-07,MEC,450
8,1030,2027-04-06,MEC,1635
8,1031,2027-04-03,MEC,1437
8,1032,2027-03-31,MEC,1300
8,1033,2027-03-31,MEC,1010
8,1034,2027-03-27,MEC,700
8,1035,2027-03-26,MEC,200
8,1035,2027-03-27,MEC,400
8,1036,2027-03-25,MEC,2450
8,1037,2027-03-24,MEC,2200
8,1038,2027-03-24,MEC,350
8,1039,2027-03-26,MEC,145
8,1040,2027-03-26,MEC,115
8,1041,2026-09-09,MAN,1444
8,2002,2026-09-08,MAN,750
8,2002,2026-09-09,MAN,500
8,2002,2026-09-09,MAN,200
8,2002,2026-09-12,MAN,200
8,2007,2027-01-03,MAN,500
8,2008,2026-09-18,MEC,2422
8,2009,2026-09-19,MEC,1510
8,2010,2026-09-20,MEC,2137
8,2011,2026-09-21,MEC,2244
8,2012,2026-09-22,MEC,1962
8,2013,2027-03-25,MEC,1580
8,2014,2027-03-25,MEC,580
8,2015,2026-10-25,MAN,260
8,2015,2027-01-26,MAN,260
8,2016,2026-10-25,MAN,550
8,2016,2027-01-26,MAN,550
8,2017,2026-10-25,MAN,555
8,2018,2026-10-24,MAN,530
8,2019,2027-04-06,MEC,840
8,2020,2027-04-06,MEC,1260
8,2021,2027-03-27,MEC,1750
8,2022,2027-03-28,MEC,1600
8,2023,2026-09-23,MEC,750
8,2024,2026-09-23,MEC,1139
8,2025,2026-09-24,MEC,1568
8,2026,2026-09-24,MEC,500
8,2026,2026-09-25,MEC,1500
8,2026,2026-09-27,MEC,1008
8,2027,2026-09-25,MEC,500
8,2027,2026-09-26,MEC,1550
8,2028,2026-09-26,MEC,800
8,2028,2026-09-27,MEC,470
8,2029,2026-10-23,MAN,170
8,2030,2026-10-23,MAN,480
8,2031,2026-09-29,MEC,896
8,2032,2026-09-29,MEC,1156
8,2033,2026-09-30,MEC,1159
8,2034,2026-09-30,MEC,632
8,2035,2026-10-01,MEC,2313
8,2036,2026-10-02,MEC,2313
8,2037,2026-10-03,MEC,1788
8,2038,2026-10-03,MEC,1000
8,2039,2026-10-04,MEC,830
8,2040,2026-10-04,MEC,1500
8,2040,2026-10-06,MEC,500
8,2041,2026-10-06,MEC,1894
8,2042,2026-10-07,MEC,1719
8,2044,2026-10-07,MEC,500
8,2044,2026-10-08,MEC,1000
8,2046,2026-10-08,MEC,1352
8,2047,2027-01-07,MAN,500
8,2047,2027-01-08,MAN,500
8,2047,2027-01-09,MAN,400
8,2048,2027-01-10,MAN,600
8,2049,2027-01-12,MAN,553
8,2050,2027-01-11,MAN,700
8,2051,2027-01-13,MAN,450
8,2052,2027-01-13,MAN,553
8,2053,2026-09-11,MEC,615
8,2054,2026-09-11,MEC,716
8,2055,2026-09-12,MEC,1230
8,2056,2026-09-13,MEC,825
8,2057,2026-09-13,MEC,872
8,2058,2026-09-14,MEC,842
8,3001,2027-03-23,MEC,610
8,3002,2027-03-23,MEC,675
8,3003,2027-03-23,MEC,940
8,3004,2027-03-21,MEC,1200
8,3005,2027-03-21,MEC,815
8,3006,2027-03-21,MEC,760
8,3007,2026-12-30,MEC,2300
8,3008,2027-01-02,MEC,1670
8,3009,2027-01-02,MEC,200
8,3009,2027-01-03,MEC,2200
8,3010,2027-01-05,MEC,2393
8,3011,2027-01-06,MEC,1742
8,3012,2027-01-06,MEC,500
8,3012,2027-01-07,MEC,1600
8,3013,2027-01-07,MEC,800
8,3013,2027-01-08,MEC,2580
8,3014,2027-01-09,MEC,2400
8,3014,2027-01-10,MEC,400
8,3015,2027-01-10,MEC,2000
8,3015,2027-01-12,MEC,800
8,3016,2027-01-12,MEC,1600
8,3016,2027-01-13,MEC,1200
8,3017,2027-01-13,MEC,1300
8,3017,2027-01-14,MEC,1500
8,3018,2027-01-14,MEC,1000
8,3018,2027-01-15,MEC,2600
8,3019,2027-01-16,MEC,2331
8,3019,2027-01-17,MEC,1000
8,3020,2027-02-08,MAN,1760
8,3021,2027-02-10,MAN,1900
8,3022,2027-02-11,MAN,1150
8,3023,2027-01-17,MEC,1210
8,3024,2027-01-19,MEC,1260
8,3025,2027-01-19,MEC,1400
8,3026,2027-02-11,MAN,1000
8,3027,2027-02-12,MAN,361
8,3028,2027-02-10,MAN,740
8,3029,2027-02-12,MAN,680
8,3030,2027-02-12,MAN,830
9,1001,2026-12-25,MEC,54
9,1002,2026-12-25,MEC,115
9,1003,2026-12-25,MEC,162
9,1004,2026-12-25,MEC,190
9,1005,2026-12-25,MEC,190
9,1006,2026-12-25,MEC,190
9,1007,2026-12-25,MEC,195
9,1008,2026-12-25,MEC,196
9,1009,2026-12-25,MEC,50
9,1010,2026-12-25,MEC,124
9,1011,2026-12-25,MEC,291
9,1013,2026-12-25,MEC,424
9,1014,2026-12-26,MEC,642
9,1017,2026-12-26,MEC,646
9,1019,2026-12-26,MEC,120
9,1020,2026-12-26,MEC,508
9,1021,2026-12-27,MEC,1350
9,1022,2026-12-27,MEC,1116
9,1023,2026-12-29,MEC,768
9,1024,2026-12-29,MEC,361
9,1025,2026-11-12,MAN,231
9,1026,2026-11-12,MAN,180
9,1027,2026-11-12,MAN,118
10,1001,2026-09-19,MEC,427
10,1002,2026-09-19,MEC,1100
10,1002,2026-09-20,MEC,1100
10,1003,2026-09-18,MEC,2068
10,1004,2026-11-12,MAN,162
10,1005,2027-03-11,MEC,2280
10,1006,2027-03-10,MEC,2900
10,1007,2027-03-07,MEC,2200
10,1007,2027-03-09,MEC,1170
10,1008,2027-01-30,MEC,1100
10,1008,2027-01-31,MEC,1200
10,1009,2027-01-30,MEC,1440
10,1010,2027-01-29,MEC,2200
10,2001,2027-03-18,MEC,82
10,2002,2027-03-17,MEC,525
10,2003,2027-03-18,MEC,1715
10,2005,2027-03-17,MEC,1472
10,2006,2027-03-17,MEC,1200
10,2007,2027-03-13,MEC,2310
10,2008,2027-03-13,MEC,520
10,2008,2027-03-14,MEC,2000
10,2009,2027-03-14,MEC,1080
10,2009,2027-03-16,MEC,2700
10,2010,2027-02-05,MEC,1218
10,2010,2027-02-06,MEC,2818
10,2010,2027-02-07,MEC,818
10,2011,2027-02-07,MEC,2514
10,2012,2027-03-12,MEC,2750
10,2013,2027-01-31,MEC,1300
10,2013,2027-02-02,MEC,1500
10,2014,2027-02-02,MEC,1000
10,2014,2027-02-03,MEC,1800
10,2015,2027-02-03,MEC,600
10,2015,2027-02-04,MEC,2500
10,2015,2027-02-05,MEC,1650
10,2016,2027-01-26,MEC,1300
10,2016,2027-01-27,MEC,1300
10,2017,2027-01-27,MEC,1200
10,2017,2027-01-28,MEC,653
10,2018,2027-01-28,MEC,1820
10,3001,2027-01-22,MEC,1250
10,3002,2027-01-22,MEC,1000
10,3007,2027-01-23,MEC,580
10,3008,2027-01-23,MEC,680
10,3009,2027-01-24,MEC,1540
10,3010,2027-01-23,MEC,1000
10,3011,2027-01-24,MEC,980
10,3012,2027-01-26,MEC,1240
10,4001,2026-09-10,MAN,750
10,4002,2026-10-21,MAN,500
10,4002,2026-10-22,MAN,440
10,4003,2026-10-19,MAN,300
10,4003,2026-10-20,MAN,300
10,4004,2026-10-19,MAN,210
10,4005,2027-03-03,MEC,559
10,4005,2027-03-04,MEC,559
10,4006,2027-03-05,MEC,1000
10,4006,2027-03-06,MEC,599
10,4007,2027-03-06,MEC,1000
10,4007,2027-03-07,MEC,608
10,4008,2026-09-11,MEC,957
10,4009,2026-09-11,MEC,956
10,4010,2027-03-03,MEC,1488
10,4011,2027-03-02,MEC,1620
10,4012,2027-02-28,MEC,1115
10,4013,2027-02-27,MEC,1020
10,4014,2027-02-26,MEC,1000
10,4014,2027-02-27,MEC,470
10,4015,2027-02-25,MEC,1000
10,4015,2027-02-26,MEC,500
10,4016,2026-09-12,MEC,1055
10,4017,2026-09-12,MEC,1050
10,4018,2026-09-14,MEC,1500
10,4019,2026-09-15,MEC,1491
10,4020,2026-09-15,MEC,1040
10,4022,2026-09-16,MEC,1573
10,4023,2026-09-17,MEC,1581
10,4024,2026-09-13,MEC,802
10,4025,2026-09-13,MEC,781
10,4026,2027-02-24,MEC,900
10,4026,2027-02-25,MEC,500
10,4027,2027-02-23,MEC,1000
10,4027,2027-02-24,MEC,360
10,4028,2027-02-21,MEC,800
10,4028,2027-02-23,MEC,150
10,4029,2027-02-19,MEC,512
10,4030,2027-02-19,MEC,700
10,4030,2027-02-20,MEC,850
10,4031,2027-02-20,MEC,800
10,4031,2027-02-21,MEC,800
10,4032,2026-09-13,MEC,753
10,4033,2026-10-26,MAN,1600
10,4034,2026-10-27,MAN,871
10,4035,2026-10-27,MAN,883
10,4036,2026-10-28,MAN,950
10,5001,2026-09-09,MAN,877
10,5001,2027-03-09,MEC,1750
10,5002,2027-03-09,MEC,1000
10,5002,2027-03-10,MEC,1600
10,5003,2027-03-10,MEC,1439
10,5004,2027-03-11,MEC,1050
10,5004,2027-03-12,MEC,702
10,5004,2027-03-13,MEC,702
10,5004,2027-03-14,MEC,702
10,5005,2027-03-11,MEC,2480
10,5005,2027-03-12,MEC,1000
10,5006,2027-03-12,MEC,1500
10,5006,2027-03-13,MEC,2416
10,5007,2027-03-23,MEC,1062
10,5008,2027-03-21,MEC,1180
10,5009,2027-03-21,MEC,1173
10,5010,2027-03-20,MEC,1903
10,5011,2027-03-19,MEC,1800
10,5012,2026-11-11,MAN,600
10,5013,2026-11-10,MAN,790
10,5014,2026-11-08,MAN,430
10,5014,2026-11-09,MAN,1000
10,6001,2027-02-28,MEC,640
10,6002,2027-02-28,MEC,700
10,6002,2027-03-02,MEC,1000
10,6003,2027-03-02,MEC,400
10,6003,2027-03-03,MEC,1200
10,6004,2027-03-04,MEC,1266
10,6005,2027-03-04,MEC,915
10,6006,2027-03-05,MEC,1010
10,6007,2027-03-05,MEC,1270
10,6008,2027-03-06,MEC,902
10,6009,2027-03-06,MEC,960
10,6010,2027-03-06,MEC,271
10,6010,2027-03-07,MEC,1000
10,6011,2027-03-07,MEC,1600
10,6012,2027-03-09,MEC,710
10,6013,2027-03-09,MEC,103
10,7001,2026-09-25,MEC,1600
10,7002,2026-09-25,MEC,900
10,7002,2026-09-26,MEC,700
10,7003,2026-09-24,MEC,420
10,7004,2026-09-24,MEC,1183
10,7005,2026-09-22,MEC,1500
10,7005,2026-09-23,MEC,1726
10,7006,2026-09-21,MEC,2000
10,7006,2026-09-22,MEC,708
10,7007,2026-09-20,MEC,773
10,7008,2026-09-20,MEC,1141
10,7009,2026-09-24,MEC,507
10,7010,2026-09-19,MEC,803
10,7011,2026-09-19,MEC,608
10,7012,2026-09-19,MEC,417
10,7013,2026-09-19,MEC,311
11,1001,2026-10-11,MAN,499.2
11,1002,2026-10-11,MAN,230.75
11,1003,2026-10-11,MAN,251.55
11,1005,2026-10-11,MAN,159.25
12,1001,2026-09-26,MAN,229
12,1003,2026-09-25,MAN,238
12,1004,2026-09-25,MAN,315
12,1005,2026-09-28,MAN,194
12,1006,2026-09-28,MAN,418
12,1007,2026-09-25,MAN,366
12,1008,2026-09-28,MAN,260
12,1013,2026-09-30,MAN,97
12,1015,2026-09-30,MAN,236
12,1016,2026-09-30,MAN,388
12,1017,2026-09-28,MAN,249
12,1019,2026-09-28,MAN,395
12,1020,2026-09-29,MAN,279
12,1021,2026-09-29,MAN,52
12,1022,2026-09-29,MAN,130
12,1026,2026-10-01,MAN,316
12,1029,2026-10-01,MAN,38
13,1001,2026-09-17,MEC,1050
13,1002,2027-03-30,MEC,1100
13,1003,2027-03-30,MEC,1100
13,1004,2027-03-31,MEC,1200
13,1005,2027-03-31,MEC,500
13,2001,2026-11-01,MEC,660
13,2002,2026-11-01,MEC,1140
13,2002,2026-11-03,MEC,1226
13,2003,2026-11-03,MEC,980
13,2004,2026-11-04,MEC,922
13,2005,2026-11-04,MEC,384
13,2006,2026-11-04,MEC,606
13,2007,2026-11-04,MEC,500
13,2007,2026-11-05,MEC,230
13,2008,2026-11-05,MEC,675
13,2009,2026-11-06,MEC,660
13,2010,2026-11-05,MEC,1420
13,2011,2026-11-06,MEC,1400
13,2012,2026-11-06,MEC,400
13,2012,2026-11-07,MEC,600
13,2013,2026-10-03,MAN,260
13,2014,2026-10-03,MAN,350
13,2015,2026-10-03,MAN,300
13,2016,2027-01-24,MAN,776
13,2017,2027-01-23,MAN,427
13,2017,2027-01-24,MAN,700
13,2018,2027-01-23,MAN,980
13,2019,2027-01-22,MAN,600
13,2019,2027-01-23,MAN,600
13,2020,2026-11-07,MEC,1500
13,2021,2026-11-08,MEC,1100
13,2022,2027-01-14,MAN,550
13,2023,2027-01-19,MAN,850
13,2024,2027-01-18,MAN,960
13,2025,2027-01-20,MAN,650
13,2026,2027-01-21,MAN,570
13,2027,2027-01-24,MAN,501
13,2028,2027-01-25,MAN,700
13,2029,2027-01-25,MAN,330
13,2030,2027-01-26,MAN,250
13,3001,2027-02-02,MAN,200
13,3002,2027-02-02,MAN,170
13,3003,2027-02-02,MAN,60
13,3004,2027-02-02,MAN,165
13,3005,2027-02-02,MAN,90
13,3006,2027-02-02,MAN,105
13,3010,2027-02-02,MAN,110
13,3012,2026-10-04,MAN,485
13,3013,2026-10-04,MAN,821
13,3013,2026-10-13,MAN,820
13,3014,2026-10-06,MAN,1400
13,3015,2026-10-05,MAN,228
13,3016,2026-10-05,MAN,90
13,3017,2026-10-05,MAN,242
13,3018,2026-10-05,MAN,406
13,3019,2026-10-06,MAN,317
13,3020,2026-10-10,MAN,1055
13,3021,2026-10-07,MAN,260
13,3022,2026-09-30,MAN,311
13,3023,2026-09-30,MAN,80
13,3024,2026-09-30,MAN,335
13,3025,2026-09-29,MAN,375
13,3026,2026-09-29,MAN,235
13,3027,2026-09-29,MAN,173
13,3028,2026-09-29,MAN,226
13,3029,2026-09-27,MAN,246
13,3030,2026-10-07,MAN,515
13,3031,2026-10-06,MAN,447
13,3032,2026-10-06,MAN,261
13,3033,2026-10-07,MAN,333
13,3034,2026-09-26,MAN,525
13,3035,2026-09-26,MAN,700
13,3036,2026-09-27,MAN,685
14,1002,2026-10-14,MAN,1000
14,1003,2026-10-15,MAN,625
14,1004,2026-10-15,MAN,60
14,1005,2026-10-15,MAN,390
14,1006,2026-10-15,MAN,127
15,1001,2026-10-31,MAN,557
15,1002,2026-10-08,MAN,547
15,1003,2026-09-09,MAN,831
15,1004,2027-01-30,MAN,720
15,1005,2027-01-30,MAN,662
15,1006,2027-01-31,MAN,1030
15,1007,2027-01-30,MAN,630
15,1008,2027-01-31,MAN,400
15,1009,2027-01-31,MAN,490
15,1010,2027-02-02,MAN,550
17,1001,2027-02-16,MEC,1400
17,1001,2027-02-17,MEC,1800
17,1001,2027-02-18,MEC,1000
17,1002,2027-02-13,MEC,800
17,1002,2027-02-14,MEC,1800
17,1002,2027-02-16,MEC,400
17,1003,2027-02-12,MEC,1700
17,1003,2027-02-13,MEC,1000
17,1004,2027-02-09,MEC,1800
17,1004,2027-02-10,MEC,1800
17,1004,2027-02-11,MEC,1800
17,1005,2027-02-26,MEC,1400
17,1005,2027-02-27,MEC,1800
17,1005,2027-02-28,MEC,400
17,1006,2027-02-24,MEC,1800
17,1006,2027-02-25,MEC,1800
17,1006,2027-02-26,MEC,400
17,1007,2027-02-20,MEC,300
17,1007,2027-02-21,MEC,1900
17,1007,2027-02-23,MEC,1900
17,1008,2027-02-18,MEC,800
17,1008,2027-02-19,MEC,1800
17,1008,2027-02-20,MEC,1500
17,1009,2027-02-06,MAN,1500
17,1009,2027-02-07,MAN,1100
17,1010,2027-02-05,MAN,676
17,1011,2027-02-04,MAN,2576
17,1011,2027-02-05,MAN,2000
17,1012,2027-03-05,MEC,2200
17,1012,2027-03-06,MEC,2200
17,1012,2027-03-07,MEC,800
17,1013,2027-02-28,MEC,1200
17,1013,2027-03-02,MEC,1600
17,1013,2027-03-03,MEC,2200
17,1013,2027-03-04,MEC,2200
17,1014,2026-12-25,MEC,1600
17,1014,2026-12-26,MEC,1600
17,1014,2026-12-27,MEC,1600
17,1014,2026-12-29,MEC,764
17,1015,2026-12-15,MEC,1600
17,1015,2026-12-16,MEC,1600
17,1015,2026-12-17,MEC,1500
17,1015,2026-12-18,MEC,1500
17,1016,2026-12-19,MEC,1600
17,1016,2026-12-20,MEC,600
17,1017,2027-02-06,MAN,960
17,1018,2026-12-13,MEC,700
17,1019,2026-12-13,MEC,550
17,1020,2026-12-13,MEC,280
17,1021,2026-12-22,MEC,1600
17,1021,2026-12-23,MEC,1700
17,1021,2026-12-24,MEC,1700
18,1008,2027-04-08,MEC,1400
18,1009,2027-04-08,MEC,600
18,1012,2027-04-08,MEC,1000
18,1012,2027-04-09,MEC,1133
18,1013,2027-04-09,MEC,341
18,1014,2027-04-09,MEC,1338
18,1017,2027-04-10,MEC,704
18,1018,2027-04-11,MEC,564
18,1018,2027-04-13,MEC,1000
18,1023,2026-10-25,MEC,2400
18,1023,2026-10-27,MEC,1300
18,1025,2027-04-10,MEC,1635
18,1027,2027-04-10,MEC,981
18,1029,2027-04-11,MEC,1935
18,1030,2026-10-27,MEC,935
18,1031,2026-10-27,MEC,300
18,1031,2026-10-28,MEC,503
18,1032,2026-10-29,MEC,923
18,1033,2026-10-28,MEC,2011
18,1034,2026-10-29,MEC,1188
18,1035,2026-10-30,MEC,2136
18,1036,2026-10-29,MEC,500
18,1036,2026-10-30,MEC,100
18,1037,2026-10-31,MEC,1010
19,1001,2026-11-17,MEC,1600
19,1001,2026-11-18,MEC,1600
19,1001,2026-11-19,MEC,1200
19,1002,2026-11-19,MEC,930
19,1002,2026-11-20,MEC,2200
19,1002,2026-11-21,MEC,1053
19,1003,2026-11-21,MEC,1200
19,1003,2026-11-22,MEC,1800
19,1003,2026-11-24,MEC,1060
19,1004,2026-11-24,MEC,800
19,1004,2026-11-25,MEC,1534
19,1005,2026-11-26,MEC,1700
19,1006,2026-11-27,MEC,1665
19,1006,2026-11-28,MEC,1665
20,1002,2026-12-29,MEC,425
20,1004,2026-12-29,MEC,413
20,1007,2026-12-29,MEC,280
20,1009,2026-12-29,MEC,166
20,1010,2026-11-13,MAN,35
20,1011,2026-11-13,MAN,520
20,1012,2026-11-13,MAN,32
20,1014,2026-11-12,MAN,108
20,1015,2026-12-30,MEC,70
20,1016,2026-12-30,MEC,105
20,1017,2026-12-30,MEC,115
21,1001,2027-04-08,MEC,800
21,1002,2027-04-09,MEC,730
21,1003,2027-04-09,MEC,570
21,1004,2027-04-09,MEC,400
21,1009,2026-09-22,MEC,660
21,1009,2026-09-23,MEC,1000
21,1010,2027-03-27,MEC,1000
21,1010,2027-03-27,MEC,1190
21,1011,2027-03-27,MEC,460
22,1001,2026-09-10,MAN,987.7
22,1003,2026-09-16,MEC,219
22,1004,2026-09-16,MEC,1523
22,1005,2026-09-17,MEC,2000
22,1005,2026-09-18,MEC,1060
22,1006,2026-09-18,MEC,328
22,1007,2027-03-28,MEC,1000
22,1007,2027-03-28,MEC,2500
22,1007,2027-03-30,MEC,660
22,1007,2027-04-02,MEC,1000
22,1008,2027-03-30,MEC,2000
22,1008,2027-03-30,MEC,525
22,1008,2027-03-31,MEC,525
22,1009,2027-03-31,MEC,1450
22,1009,2027-03-31,MEC,1220
22,1011,2027-03-31,MEC,2653
22,1012,2027-03-31,MEC,1397
22,1012,2027-04-02,MEC,1200
22,1013,2027-04-02,MEC,2087
22,1014,2027-04-03,MEC,2558
22,1015,2027-04-03,MEC,700
22,1015,2027-04-04,MEC,500
22,1016,2027-04-04,MEC,907
22,1017,2027-04-04,MEC,1589
22,1018,2026-09-22,MEC,1179
22,1019,2026-12-14,MAN,175
22,3001,2027-04-06,MEC,600
22,3002,2027-04-06,MEC,1028
22,3003,2027-04-06,MEC,237
22,3004,2027-04-06,MEC,393
22,3006,2027-04-06,MEC,272
22,3007,2027-04-06,MEC,550
22,3007,2027-04-07,MEC,550
22,3008,2027-04-07,MEC,1040
22,3009,2027-04-07,MEC,400
22,3009,2027-04-07,MEC,620
22,3010,2027-04-07,MEC,650
22,3010,2027-04-08,MEC,650
22,3011,2027-04-08,MEC,600
22,3011,2027-04-08,MEC,914
22,3012,2027-04-09,MEC,616
22,3013,2027-04-09,MEC,576
22,4001,2027-04-09,MEC,558
22,4002,2027-04-09,MEC,1000
22,4002,2027-04-10,MEC,1335
22,4003,2027-04-10,MEC,3280
22,4004,2027-04-11,MEC,193
22,4005,2027-04-11,MEC,357
22,4006,2027-04-11,MEC,770
22,4011,2027-04-11,MEC,1074
22,4012,2027-04-11,MEC,1141
22,4014,2027-04-13,MEC,320
22,4014,2027-04-13,MEC,617
22,4015,2027-04-13,MEC,1116
22,4016,2027-04-13,MEC,390
22,4016,2027-04-14,MEC,412
22,4017,2027-04-14,MEC,802
22,4018,2027-04-14,MEC,862
22,4019,2027-04-14,MEC,840
22,4019,2027-04-15,MEC,400
22,4020,2027-04-15,MEC,810
22,4021,2027-04-15,MEC,580
22,4021,2027-04-15,MEC,402
22,4022,2027-04-15,MEC,667
23,1001,2027-04-21,MEC,794
23,1002,2027-04-21,MEC,1262
23,1003,2027-04-21,MEC,770
23,1004,2027-04-16,MEC,1044
23,1005,2027-04-16,MEC,1495
23,1006,2027-04-16,MEC,1211
23,1007,2027-04-18,MEC,1070
23,1008,2027-04-18,MEC,150
23,1008,2027-04-18,MEC,1000
23,1009,2027-04-14,MEC,1216
23,1010,2027-04-13,MEC,1543
23,1011,2027-04-15,MEC,1164
23,1012,2027-04-15,MEC,1596
23,1013,2027-04-17,MEC,1605
23,1014,2027-04-17,MEC,1300
23,1014,2027-04-20,MEC,693
23,1015,2027-04-21,MEC,232
23,1015,2027-04-21,MEC,1800
23,1016,2027-04-21,MEC,2299
23,1017,2027-04-20,MEC,1180
23,1018,2027-04-20,MEC,1114
23,1019,2027-04-18,MEC,740
23,1019,2027-04-20,MEC,240
23,1020,2027-04-18,MEC,1730
23,1021,2027-04-17,MEC,2255
23,1022,2027-04-16,MEC,1000
23,1022,2027-04-17,MEC,400
23,1022,2027-04-18,MEC,448
23,1023,2027-04-15,MEC,300
23,1023,2027-04-16,MEC,1500
23,1024,2027-04-15,MEC,1700
23,1025,2027-04-14,MEC,1200
23,1025,2027-04-15,MEC,500
23,1026,2027-04-14,MEC,1250
23,1027,2027-04-13,MEC,1547
23,1028,2027-04-13,MEC,1503
23,1029,2027-04-11,MEC,400
23,1029,2027-04-13,MEC,890
23,1030,2027-04-11,MEC,1038
23,1031,2027-04-11,MEC,970
23,1032,2027-04-10,MEC,1554
23,1033,2027-04-09,MEC,523
23,1033,2027-04-10,MEC,1000
23,1034,2027-04-07,MEC,120
23,1034,2027-04-09,MEC,2000
23,1035,2027-03-20,MEC,1020
23,1035,2027-04-07,MEC,1892
23,1036,2027-04-07,MEC,340
23,1036,2027-04-08,MEC,2000
23,1037,2027-04-06,MEC,1500
23,1037,2027-04-08,MEC,570
23,1038,2027-04-04,MEC,1330
23,1038,2027-04-06,MEC,1000
23,1039,2027-04-03,MEC,1000
23,1039,2027-04-04,MEC,1380
23,1040,2027-03-30,MEC,916
23,1040,2027-04-03,MEC,1600
23,1041,2027-03-30,MEC,527
23,1042,2027-03-28,MEC,672
23,1042,2027-03-30,MEC,1000
23,1043,2027-03-28,MEC,443
23,1044,2027-03-28,MEC,1600
23,1045,2027-03-26,MEC,2100
23,1046,2026-09-29,MEC,1300
23,1046,2026-09-30,MEC,1300
23,1047,2026-09-27,MEC,1600
23,1047,2026-09-29,MEC,700
23,1048,2026-09-26,MEC,2000
23,1048,2026-09-27,MEC,400
23,1049,2026-09-24,MEC,550
23,1049,2026-09-25,MEC,2000
23,1050,2026-09-23,MEC,990
23,1050,2026-09-24,MEC,1250
23,1051,2027-03-23,MEC,2249
23,1052,2027-03-23,MEC,200
23,1052,2027-03-24,MEC,2100
23,1053,2027-03-24,MEC,400
23,1053,2027-03-25,MEC,1740
23,1054,2027-03-25,MEC,900
23,1054,2027-03-26,MEC,530
23,1055,2026-12-14,MAN,706
23,1056,2026-12-14,MAN,916
23,1057,2026-12-14,MAN,879
23,1058,2027-03-21,MEC,654
23,1059,2027-03-21,MEC,462
23,1060,2027-03-20,MEC,1780
23,1061,2026-09-21,MEC,1819
24,1002,2026-09-12,MAN,80
24,1003,2026-09-12,MAN,530
24,1004,2026-09-12,MAN,266
24,1005,2026-09-12,MAN,160
24,1006,2027-01-04,MAN,145
24,1007,2027-01-04,MAN,82
24,1008,2027-01-04,MAN,20
25,1001,2026-09-18,MEC,400
25,1001,2026-09-19,MEC,1350
25,1002,2026-09-19,MEC,480
25,1002,2026-09-20,MEC,2000
25,1003,2027-03-23,MEC,841
25,1004,2027-03-23,MEC,720
25,1005,2027-03-23,MEC,500
25,1005,2027-03-24,MEC,960
25,1006,2027-03-24,MEC,700
25,1007,2027-03-24,MEC,300
25,1008,2027-03-24,MEC,576
25,1009,2027-03-24,MEC,500
25,1009,2027-03-25,MEC,320
25,1010,2027-03-25,MEC,2000
25,1011,2027-03-25,MEC,200
25,1011,2027-03-25,MEC,186
25,1012,2027-03-26,MEC,767
25,1013,2027-03-26,MEC,947
25,1014,2027-03-26,MEC,600
25,1014,2027-03-26,MEC,137
25,1015,2027-03-26,MEC,640
25,1016,2027-03-27,MEC,800
26,1001,2027-03-09,MEC,2527
26,1002,2027-03-10,MEC,2500
26,1002,2027-03-11,MEC,1340
26,1003,2026-09-10,MAN,300
26,1004,2026-09-11,MAN,495
26,1005,2026-09-11,MAN,162
26,1006,2026-09-11,MAN,175
26,1007,2027-04-16,MEC,1730
26,1008,2027-03-11,MEC,1200
26,1008,2027-03-12,MEC,2000
26,1008,2027-03-13,MEC,1758
26,1011,2027-03-13,MEC,750
26,1011,2027-03-14,MEC,2500
26,1011,2027-03-16,MEC,202
26,1012,2027-04-17,MEC,1636
26,1012,2027-04-17,MEC,64
26,1013,2027-04-17,MEC,1362
26,1013,2027-04-18,MEC,338
26,1014,2027-04-18,MEC,700
26,1014,2027-04-18,MEC,1000
26,1015,2026-09-11,MAN,690
26,1016,2026-09-11,MAN,216
26,1017,2027-04-18,MEC,960
26,1017,2027-04-20,MEC,740
26,1018,2027-04-20,MEC,1744
26,1019,2027-04-20,MEC,558
26,1019,2027-04-21,MEC,730
26,1019,2027-04-21,MEC,442
26,1021,2027-03-16,MEC,2432
26,1022,2027-03-17,MEC,2207
26,1023,2027-03-17,MEC,300
26,1023,2027-03-18,MEC,1890
26,1024,2027-04-11,MEC,2121
26,1025,2027-04-11,MEC,259
26,1025,2027-04-21,MEC,1441
26,1026,2027-04-10,MEC,305
26,1027,2027-03-16,MEC,1100
26,1027,2027-04-10,MEC,559
26,1027,2027-04-11,MEC,560
26,1028,2027-04-02,MEC,270
26,1029,2027-03-31,MEC,1750
26,1030,2027-04-02,MEC,1337
26,1031,2027-04-09,MEC,1900
26,1032,2027-04-08,MEC,125
26,1032,2027-04-08,MEC,875
26,1032,2027-04-09,MEC,223
26,1032,2027-04-09,MEC,677
26,1033,2027-04-08,MEC,1956
26,1034,2027-04-07,MEC,1000
26,1034,2027-04-08,MEC,1452
26,1035,2027-03-19,MEC,1521
26,1036,2027-03-18,MEC,607
26,1036,2027-03-19,MEC,979
26,1038,2027-04-06,MEC,1937
26,1039,2027-04-04,MEC,1450
26,1040,2027-04-03,MEC,1422
26,1041,2027-04-03,MEC,1380
26,1042,2027-03-31,MEC,1000
26,1042,2027-04-02,MEC,248
26,1042,2027-04-02,MEC,152
26,1043,2027-04-21,MEC,276
26,1044,2027-04-21,MEC,567
26,1045,2027-04-20,MEC,1180
26,1046,2027-04-04,MEC,1358
26,1047,2027-04-06,MEC,562
26,1047,2027-04-07,MEC,158
26,1051,2027-04-21,MEC,385
26,1052,2027-04-16,MEC,387
26,1053,2027-04-16,MEC,384
26,1054,2027-04-16,MEC,435
26,1055,2027-01-11,MAN,350
27,1001,2027-02-13,MEC,1600
27,1001,2027-02-14,MEC,1600
27,1002,2027-02-16,MEC,1321
27,1003,2027-02-16,MEC,300
27,1003,2027-02-17,MEC,1600
27,1003,2027-02-18,MEC,800
27,1004,2027-02-18,MEC,800
27,1004,2027-02-19,MEC,1400
27,1005,2026-12-08,MEC,1600
27,1005,2026-12-09,MEC,1600
27,1005,2026-12-10,MEC,655
27,1006,2026-12-10,MEC,955
27,1006,2026-12-11,MEC,1600
27,1006,2026-12-12,MEC,825
27,1006,2027-02-19,MEC,520
27,1028,2026-12-09,MEC,1114
27,2005,2026-12-29,MEC,670
27,2006,2026-12-30,MEC,2300
27,2007,2026-12-31,MEC,1180
27,2009,2026-12-31,MEC,1258
27,2009,2027-01-05,MEC,1000
27,2011,2027-01-02,MEC,2577
27,2016,2027-04-13,MEC,1400
27,2017,2027-04-13,MEC,519
27,2018,2027-04-14,MEC,1576
27,2019,2027-04-14,MEC,1466
27,2020,2027-04-15,MEC,1175
27,2021,2027-04-15,MEC,1571
27,2021,2027-04-16,MEC,600
27,2022,2027-01-02,MEC,1500
27,2022,2027-01-03,MEC,2000
27,2024,2027-01-03,MEC,500
27,2024,2027-01-05,MEC,1300
27,2025,2027-01-05,MEC,795
27,2026,2027-01-05,MEC,320
27,2026,2027-01-06,MEC,1000
27,2027,2027-01-06,MEC,1000
27,2028,2027-01-06,MEC,470
27,2029,2027-01-07,MEC,1848
27,2030,2027-01-07,MEC,986
27,2030,2027-01-08,MEC,1000
27,2031,2027-01-08,MEC,743
27,2032,2027-01-08,MEC,597
27,2033,2027-04-16,MEC,817
27,2034,2027-04-16,MEC,1480
27,2035,2027-04-17,MEC,1882
27,2036,2027-04-17,MEC,460
27,2037,2027-04-17,MEC,713
27,2037,2027-04-18,MEC,700
27,2038,2027-04-18,MEC,445
27,2039,2027-04-18,MEC,1540
27,2040,2027-04-18,MEC,330
27,2040,2027-04-20,MEC,1000
27,2040,2027-04-20,MEC,400
27,2041,2027-04-20,MEC,700
27,2042,2027-04-20,MEC,430
27,2043,2027-04-20,MEC,960
27,3001,2026-09-14,MAN,1570
27,3002,2027-02-27,MEC,872
27,3003,2027-02-27,MEC,1528
27,3004,2027-02-28,MEC,385
27,3005,2027-02-28,MEC,1689
27,3006,2027-02-28,MEC,500
27,3006,2027-03-02,MEC,1567
27,3007,2027-03-02,MEC,1000
27,3007,2027-03-03,MEC,662
27,3008,2027-03-03,MEC,1950
27,3008,2027-03-04,MEC,300
27,3009,2027-03-04,MEC,2200
27,3009,2027-03-05,MEC,300
27,3010,2027-03-05,MEC,1740
27,3011,2027-03-05,MEC,530
27,3011,2027-03-06,MEC,1000
27,3012,2027-03-06,MEC,1577
27,3013,2027-03-07,MEC,1170
27,3014,2027-03-07,MEC,940
27,3015,2027-03-07,MEC,720
27,3017,2027-02-20,MEC,700
27,3018,2027-02-20,MEC,855
27,3019,2027-02-20,MEC,188
27,3020,2027-02-20,MEC,640
27,3021,2027-02-21,MEC,341
27,3022,2027-02-21,MEC,555
27,3023,2027-02-21,MEC,224
27,3024,2027-02-21,MEC,1528
27,3025,2027-02-23,MEC,520
27,3026,2027-02-23,MEC,1077
27,3027,2027-02-23,MEC,973
27,3028,2027-02-24,MEC,577
27,3029,2027-02-24,MEC,951
27,3030,2026-09-08,MAN,120
27,3030,2027-02-24,MEC,1000
27,3030,2027-02-25,MEC,450
27,3031,2026-09-09,MAN,120
27,3031,2026-09-10,MAN,80
27,3031,2027-02-25,MEC,1921
27,3031,2027-02-26,MEC,150
27,3032,2027-02-26,MEC,1115
27,3033,2027-02-26,MEC,1040
27,3035,2026-09-14,MAN,350
27,3036,2026-09-15,MAN,500
27,3037,2026-09-15,MAN,630
27,3040,2026-12-24,MAN,512
27,3041,2026-12-24,MAN,530
28,1001,2026-09-24,MAN,83.4
28,1002,2026-09-24,MAN,1110.5
28,1003,2026-09-25,MAN,484.5
28,1004,2026-12-01,MEC,1000
28,1004,2026-12-02,MEC,1000
28,1004,2026-12-03,MEC,400
28,1005,2026-11-28,MEC,660
28,1005,2026-11-29,MEC,660
28,1019,2027-01-04,MAN,335
28,1020,2027-01-04,MAN,1360
28,1023,2026-11-29,MEC,1600
28,1023,2026-12-01,MEC,1600
28,1023,2026-12-02,MEC,857
28,1024,2026-12-02,MEC,743
28,1024,2026-12-03,MEC,1600
28,1024,2026-12-04,MEC,699
28,1025,2026-12-04,MEC,901
28,1025,2026-12-05,MEC,1377
28,1026,2026-12-05,MEC,273
28,1026,2026-12-06,MEC,1648
28,1027,2026-12-05,MEC,1000
28,1027,2026-12-06,MEC,1000
28,1027,2026-12-08,MEC,1088
29,1002,2027-01-06,MAN,204
29,1003,2027-01-06,MAN,140.4
29,1005,2027-01-06,MAN,600.6
29,1006,2027-01-06,MAN,148.2
29,1007,2027-01-06,MAN,568.75
29,1008,2027-01-06,MAN,478.2
29,1009,2027-01-06,MAN,469.8
35,1001,2027-02-05,MEC,647
35,1001,2027-02-06,MEC,500
35,1002,2027-01-16,MEC,1000
35,1002,2027-01-17,MEC,340
35,1003,2027-01-17,MEC,630
35,1004,2027-01-17,MEC,50
35,1004,2027-01-19,MEC,352
35,1005,2027-01-19,MEC,420
35,1006,2027-01-19,MEC,320
35,1006,2027-01-20,MEC,198
35,1007,2027-01-20,MEC,570
35,1008,2027-01-20,MEC,220
35,1009,2027-01-20,MEC,27
35,1009,2027-01-22,MEC,436
35,1010,2027-01-22,MEC,300
35,1011,2027-01-22,MEC,180
35,1012,2027-01-22,MEC,145
35,1012,2027-01-23,MEC,445
35,1013,2027-01-23,MEC,220
35,1014,2027-01-23,MEC,370
35,1015,2026-10-02,MEC,1228
35,1016,2026-10-03,MEC,589
35,1017,2026-10-01,MEC,1190
35,1018,2026-09-24,MEC,542
35,1018,2026-09-25,MEC,542
35,1018,2026-09-30,MEC,470
35,1020,2026-09-29,MEC,790
35,1020,2026-09-30,MEC,640
35,1021,2026-09-27,MEC,1000
35,1021,2026-09-29,MEC,372
35,1022,2026-09-26,MEC,783
35,1023,2026-09-26,MEC,89.1
35,1024,2026-09-21,MEC,290
35,1025,2026-09-21,MEC,490
35,1026,2026-09-21,MEC,360
35,1027,2026-09-21,MEC,75
35,1028,2026-09-22,MEC,563
35,1029,2026-09-22,MEC,539
35,1030,2026-09-23,MEC,567
35,1031,2026-09-23,MEC,494
35,1032,2026-09-24,MEC,520
35,1033,2026-09-24,MEC,527
35,1034,2026-09-25,MEC,630
35,1035,2026-09-25,MEC,460
35,1036,2026-09-26,MEC,220
35,1037,2026-10-14,MEC,1000
35,1037,2026-10-15,MEC,742
35,1038,2026-10-11,MEC,1050
35,1038,2026-10-13,MEC,1085
35,1039,2026-10-10,MEC,1085
35,1040,2026-10-09,MEC,450
35,1041,2026-10-08,MEC,1100
35,1042,2026-10-07,MEC,670
35,1043,2026-10-06,MEC,970
35,1044,2026-10-04,MEC,740
35,1045,2026-10-03,MEC,570
36,1001,2026-12-27,MEC,205
36,1002,2026-12-27,MEC,468
36,1006,2026-12-27,MEC,323
36,1007,2026-12-27,MEC,150
36,1007,2026-12-29,MEC,161
36,1008,2026-12-29,MEC,70
36,1009,2026-12-29,MEC,220
36,1010,2026-12-29,MEC,280
36,1011,2026-12-29,MEC,290
36,1012,2026-12-29,MEC,465
36,1018,2027-02-10,MEC,744
36,1019,2027-02-10,MEC,600
36,1019,2027-02-11,MEC,556
36,1020,2027-02-11,MEC,734
36,1021,2027-02-11,MEC,600
36,1021,2027-02-12,MEC,600
36,1022,2027-02-12,MEC,665
36,1023,2027-02-12,MEC,383
36,1024,2027-02-12,MEC,956
39,1001,2027-02-06,MEC,700
39,1002,2027-02-06,MEC,560
39,1003,2027-02-07,MEC,551
39,1004,2027-02-07,MEC,584
39,1005,2027-01-24,MEC,360
39,1006,2027-01-24,MEC,183
39,1006,2027-01-26,MEC,257
39,1007,2027-01-26,MEC,490
39,1008,2027-01-26,MEC,300
39,1009,2027-02-07,MEC,300
39,1010,2027-01-24,MEC,140
39,1011,2027-02-09,MEC,541
39,1012,2027-02-09,MEC,820
39,1013,2027-02-09,MEC,331
39,1013,2027-02-10,MEC,300
43,1001,2026-11-27,MEC,396
43,1002,2026-11-22,MEC,363
43,1003,2026-11-22,MEC,359
43,1004,2026-11-24,MEC,756
43,1005,2026-11-24,MEC,495
43,1006,2026-11-25,MEC,573
43,1007,2026-11-29,MEC,221
43,1008,2026-11-25,MEC,674
43,1009,2026-11-27,MEC,682
43,1010,2026-11-28,MEC,651
43,1011,2026-11-26,MEC,612
43,1012,2026-11-26,MEC,505
43,1013,2026-09-25,MAN,327
43,1014,2026-11-29,MEC,898
43,1015,2026-12-01,MEC,864
43,1016,2026-12-01,MEC,230
43,1016,2026-12-02,MEC,500
43,1017,2026-12-02,MEC,680
43,1018,2026-11-28,MEC,366
43,1019,2026-12-03,MEC,114
43,1020,2026-12-03,MEC,517
43,1021,2026-12-03,MEC,430
43,1022,2026-12-04,MEC,297
43,1023,2026-12-04,MEC,768
45,1001,2026-09-16,MAN,750
45,1004,2027-01-29,MEC,787
45,1005,2027-01-28,MEC,900
45,1005,2027-01-29,MEC,611
45,1006,2027-01-29,MEC,583
45,1007,2026-09-19,MAN,450
45,1008,2027-01-29,MEC,304
45,1013,2026-09-17,MAN,270
45,1014,2026-09-16,MAN,920
45,1015,2026-09-17,MAN,413
45,1016,2026-09-17,MAN,670
45,1017,2027-02-25,MEC,422
45,1018,2027-02-24,MEC,1014
45,1019,2027-02-25,MEC,670
45,1020,2027-02-26,MEC,892
45,1021,2027-02-26,MEC,110
45,1022,2027-02-27,MEC,800
45,1023,2027-01-30,MEC,802
45,1024,2027-01-30,MEC,1012
45,1025,2027-01-31,MEC,1400
45,1026,2027-01-31,MEC,250
45,1026,2027-02-02,MEC,911
45,1027,2027-02-02,MEC,723
45,1027,2027-02-03,MEC,200
45,1028,2027-02-03,MEC,857
45,1029,2027-02-03,MEC,547
45,1030,2027-02-04,MEC,646
45,1031,2027-02-05,MEC,603.6
45,1032,2027-02-05,MEC,1124
45,1033,2027-02-06,MEC,382.9
45,1034,2027-02-06,MEC,887
45,1035,2027-02-07,MEC,788
45,1036,2027-02-09,MEC,1500
45,1037,2027-02-04,MEC,983
45,1037,2027-02-05,MEC,900
48,1002,2026-11-14,MEC,755
48,1003,2026-11-14,MEC,300
48,1003,2026-11-15,MEC,320
48,1004,2026-11-15,MEC,818
48,1005,2026-11-17,MEC,596
48,1006,2026-11-17,MEC,928
48,1007,2026-11-18,MEC,1136
48,1008,2026-11-19,MEC,1178
48,1009,2026-11-20,MEC,487
48,1010,2026-11-20,MEC,295
60,1001,2026-11-18,MAN,197
60,1001,2026-11-19,MAN,803
65,1001,2026-12-13,MAN,500
81,1001,2026-11-24,MAN,197
81,1001,2026-11-25,MAN,500
81,1001,2026-11-26,MAN,303
81,1001,2026-12-15,MAN,500
81,1001,2026-12-16,MAN,500
81,1001,2026-12-23,MAN,1400
81,1001,2026-12-24,MAN,600
90,1001,2026-12-08,MAN,220
90,1001,2026-12-09,MAN,1780
90,1001,2026-12-18,MEC,400
90,1001,2026-12-25,MEC,600
91,1001,2026-12-26,MEC,600
101,1001,2026-11-29,MAN,100
108,1001,2026-11-30,MAN,60
114,1001,2026-11-18,MAN,70
116,1001,2026-11-29,MAN,250
121,1001,2026-11-29,MAN,197
122,1001,2026-11-28,MAN,400
126,1001,2026-12-06,MAN,927
126,1001,2026-12-07,MAN,270
127,1001,2026-11-30,MAN,100
137,1001,2026-11-05,MAN,137
137,1001,2026-11-06,MAN,1000
137,1001,2026-11-07,MAN,313
158,1001,2027-01-03,MAN,880
162,1001,2026-11-19,MAN,197
162,1001,2026-11-20,MAN,500
162,1001,2026-11-21,MAN,500
162,1001,2026-11-22,MAN,500
162,1001,2026-11-24,MAN,303
162,1001,2026-12-09,MAN,220
162,1001,2026-12-10,MAN,2000
162,1001,2026-12-11,MAN,1780
162,1001,2026-12-15,MAN,1000
173,1001,2026-12-17,MAN,490
173,1006,2026-11-29,MEC,280
173,1006,2026-12-01,MEC,500
173,1007,2026-12-01,MEC,459
173,1008,2026-12-02,MEC,100
173,1008,2026-12-03,MEC,475
173,1009,2026-12-02,MEC,921
182,1001,2026-12-20,MEC,600
182,1001,2026-12-22,MEC,1000
182,1001,2026-12-23,MEC,1000
182,1001,2026-12-24,MEC,1000
182,1001,2026-12-25,MEC,400
199,1001,2026-11-14,MAN,787
199,1001,2026-11-16,MAN,273
200,1001,2026-11-17,MAN,207
200,1001,2026-11-18,MAN,573
201,1001,2026-11-16,MAN,700
213,1001,2026-12-11,MAN,220
213,1001,2026-12-12,MAN,1700
214,1001,2026-12-13,MAN,270
274,1001,2026-12-16,MAN,300
274,1001,2026-12-17,MAN,700
280,1001,2026-12-29,MAN,1000
283,1001,2026-12-30,MAN,220
355,1001,2026-12-25,MAN,900
355,1001,2026-12-26,MAN,700
458,1001,2027-01-03,MAN,200
462,1001,2026-10-03,MAN,400
494,1001,2026-09-09,MAN,1000
494,1001,2026-09-10,MAN,1000
494,1001,2026-09-26,MAN,790
520,1001,2026-09-17,MAN,500
520,1001,2026-09-18,MAN,1000
525,1001,2026-09-13,MAN,1000
525,1001,2026-09-15,MAN,1000
525,1001,2026-09-16,MAN,500
525,1001,2026-09-18,MAN,500
525,1001,2026-09-19,MAN,500
525,1001,2026-09-27,MAN,1000
525,1001,2026-09-29,MAN,1000
525,1001,2026-09-30,MAN,700
525,1001,2026-10-01,MAN,300
525,1001,2026-10-06,MAN,420
525,1001,2026-10-08,MAN,1000
525,1001,2026-10-09,MAN,1000
525,1001,2026-10-10,MAN,1000
525,1001,2026-10-11,MAN,1000
525,1001,2026-10-13,MAN,580
540,1004,2026-10-18,MEC,750
546,1001,2027-01-10,MAN,1100
546,1001,2027-01-11,MAN,400
570,1001,2026-10-29,MAN,457
570,1001,2026-10-30,MAN,243
570,1001,2026-10-30,MAN,307
608,1001,2026-12-28,MAN,500
626,1001,2026-10-01,MAN,300
642,1001,2026-10-02,MAN,600
642,1001,2026-10-03,MAN,400
642,1001,2026-11-27,MAN,100
658,1001,2026-12-30,MEC,1700
666,1001,2026-11-16,MAN,27
666,1001,2026-11-17,MAN,793
696,1001,2026-12-26,MEC,450
700,1001,2026-12-12,MAN,300
738,1001,2026-09-20,MAN,300
745,1001,2026-11-28,MAN,100
745,1001,2027-01-05,MAN,2500
780,1001,2026-09-11,MAN,1000
780,1001,2026-09-12,MAN,1000
780,1001,2026-09-30,MAN,300
780,1001,2026-10-01,MAN,900
789,1001,2026-09-16,MAN,500
789,1001,2026-09-17,MAN,500
812,1001,2026-12-07,MAN,30
823,1001,2026-09-23,MAN,100
844,1001,2026-10-03,MAN,20
844,1001,2026-10-04,MAN,1000
844,1001,2026-10-05,MAN,1000
844,1001,2026-10-06,MAN,380
844,1001,2026-10-07,MAN,1000
868,1001,2026-11-30,MAN,123
899,1001,2026-10-31,MAN,1000
899,1001,2026-12-05,MAN,1500
899,1001,2027-01-06,MAN,1500
899,1001,2027-01-11,MAN,250
899,1001,2027-01-12,MAN,1550
900,1001,2026-12-30,MAN,250
904,1001,2026-12-30,MAN,200
914,1001,2026-12-16,MAN,600
946,1001,2026-11-18,MAN,50
947,1001,2026-12-17,MAN,500
990,1001,2026-10-14,MAN,370
990,1001,2026-10-15,MAN,30
998,1001,2026-10-13,MAN,420
998,1001,2026-10-14,MAN,280
1029,1001,2026-11-10,MAN,287
1029,1001,2026-11-11,MAN,1000
1029,1001,2026-11-12,MAN,1000
1029,1001,2026-11-13,MAN,1000
1029,1001,2026-11-14,MAN,213
1105,1001,2026-09-20,MAN,300
1161,1001,2026-12-08,MAN,80
1172,1002,2026-10-18,MEC,979
1281,1001,2026-10-22,MAN,210
1281,1001,2026-10-23,MAN,390
1281,1001,2026-12-27,MAN,600
1317,1001,2026-09-19,MAN,500
1317,1001,2026-09-20,MAN,700
1318,1001,2026-09-20,MAN,160
1345,1001,2026-12-25,MEC,150
1360,1001,2026-10-18,MAN,410
1360,1001,2026-10-19,MAN,190
1383,1001,2026-12-17,MAN,30
1386,1001,2026-11-18,MAN,30
1391,1001,2026-10-14,MAN,350
1447,1001,2026-11-27,MAN,70
1472,1001,2026-12-16,MAN,600
1506,1002,2026-11-17,MEC,1178
1506,1002,2026-11-18,MEC,48
1511,1001,2026-12-24,MEC,2000
1516,1001,2026-10-15,MAN,100
1520,1001,2026-11-26,MAN,100
1520,1001,2026-12-28,MAN,200
1539,1001,2026-12-30,MAN,180
1540,1001,2026-12-05,MEC,600
1559,1001,2026-12-04,MEC,570
1559,1002,2026-12-09,MEC,1000
1559,1002,2026-12-10,MEC,870
1559,1003,2026-12-04,MEC,240
1559,1004,2026-12-05,MEC,1000
1559,1005,2026-12-08,MEC,700
1559,1006,2026-12-08,MEC,600
1559,1007,2026-12-06,MEC,1000
1563,1001,2026-11-21,MEC,1000
1563,1001,2026-11-22,MEC,400
1590,1001,2026-11-27,MAN,50
1599,1001,2026-12-15,MAN,500
1654,1001,2026-11-27,MAN,30
1694,1001,2027-01-05,MAN,350
1694,1001,2027-01-07,MAN,1300
1783,1001,2026-10-06,MAN,200
1878,1001,2027-01-11,MAN,450
1881,1001,2026-12-07,MAN,700
1881,1001,2026-12-15,MEC,800
1908,1001,2026-11-28,MEC,1418
1908,1002,2026-11-28,MEC,1226
1910,1001,2026-12-30,MAN,300
1924,1001,2027-01-21,MEC,1100
1924,1002,2027-01-22,MEC,1100
1924,1003,2027-01-23,MEC,1000
1924,1004,2027-01-24,MEC,1050
1924,1005,2027-01-26,MEC,950
1924,1006,2027-01-27,MEC,1150
1924,1042,2027-01-28,MEC,362
1924,1044,2027-01-28,MEC,387
1924,1046,2027-01-29,MEC,1000
1924,1046,2027-01-30,MEC,350
1924,1047,2027-01-30,MEC,660
1924,1048,2027-02-03,MEC,555
1924,1050,2027-01-31,MEC,1060
1924,1051,2027-02-02,MEC,1010
1924,1052,2027-02-04,MEC,760
1924,1053,2027-01-28,MEC,360
1924,1054,2027-02-04,MEC,300
1924,1054,2027-02-05,MEC,1000
1924,1054,2027-02-06,MEC,1000
1924,1054,2027-02-07,MEC,370
1924,1055,2027-02-03,MEC,630
1924,1064,2027-02-07,MEC,700
1924,1064,2027-02-09,MEC,1000
1924,1064,2027-02-10,MEC,680
1924,1066,2027-02-10,MEC,236
1924,1066,2027-02-11,MEC,1000
1942,1001,2026-10-17,MAN,400
1942,1002,2026-10-17,MAN,350
1954,1001,2026-12-13,MAN,150
1958,1001,2026-10-03,MAN,180
2077,6,2027-02-19,MEC,998.06
2077,6,2027-02-19,MEC,185.86
2077,22,2027-02-07,MEC,439.97
2077,1001,2026-11-19,MEC,362
2077,1001,2026-11-20,MEC,761
2077,1002,2026-11-20,MEC,644
2077,1002,2026-11-21,MEC,602
2077,1003,2026-11-21,MEC,94
2077,1004,2026-11-21,MEC,247
2077,1005,2026-11-21,MEC,461
2077,1005,2026-11-22,MEC,487
2077,1006,2027-02-20,MEC,1183
2077,1007,2027-02-18,MEC,787.23
2077,1011,2026-11-22,MEC,918
2077,1011,2026-11-24,MEC,466
2077,1012,2027-02-14,MEC,1104.82
2077,1012,2027-02-16,MEC,105.95
2077,1013,2027-02-16,MEC,315.65
2077,1014,2027-02-16,MEC,202.64
2077,1015,2026-11-24,MEC,760
2077,1017,2027-02-12,MEC,364.6
2077,1017,2027-02-13,MEC,856.71
2077,1018,2027-02-11,MEC,24.34
2077,1018,2027-02-12,MEC,1041.2
2077,1019,2027-02-10,MEC,614.9
2077,1021,2027-02-10,MEC,317.53
2077,1021,2027-02-11,MEC,73.49
2077,1022,2027-02-09,MEC,1026.72
2077,1023,2027-02-05,MEC,1196.35
2077,1023,2027-02-06,MEC,258.54
2077,1024,2027-01-31,MEC,125.36
2077,1024,2027-02-02,MEC,1210.39
2077,1025,2027-01-28,MEC,1062
2077,1025,2027-01-29,MEC,191
2077,1026,2027-01-29,MEC,508
2077,1027,2027-01-29,MEC,515
2077,1028,2027-01-29,MEC,190
2077,1028,2027-01-30,MEC,424
2077,1029,2027-01-27,MEC,441
2077,1030,2027-01-27,MEC,470
2077,1030,2027-01-28,MEC,342
2077,1031,2027-01-24,MEC,40
2077,1031,2027-01-26,MEC,1400
2077,1031,2027-01-27,MEC,342
2077,1032,2027-01-27,MEC,47
2077,1035,2027-01-27,MEC,104
2077,1046,2026-11-19,MEC,701
2077,1080,2027-01-15,MEC,65
2077,1080,2027-01-16,MEC,1340
2077,1081,2027-01-16,MEC,65
2077,1081,2027-01-17,MEC,1400
2077,1081,2027-01-19,MEC,542
2077,1082,2027-01-19,MEC,863
2077,1082,2027-01-20,MEC,1400
2077,1082,2027-01-21,MEC,228
2077,1083,2027-01-21,MEC,907
2077,1084,2027-01-21,MEC,269
2077,1084,2027-01-22,MEC,30
2077,1085,2027-01-22,MEC,548
2077,1086,2027-01-22,MEC,427
2077,1087,2026-11-18,MEC,23
2077,1087,2026-11-18,MEC,541
2077,1088,2027-01-22,MEC,401
2077,1088,2027-01-23,MEC,1405
2077,1088,2027-01-23,MEC,1234
2077,1089,2027-01-23,MEC,171
2077,1089,2027-01-24,MEC,1367
2077,1090,2026-11-18,MEC,427
2077,1092,2026-11-18,MEC,365
2077,1092,2026-11-19,MEC,170
2078,35,2027-02-07,MEC,127.43
2078,61,2027-02-19,MEC,407.74
2078,1001,2026-12-03,MEC,542
2078,1002,2026-12-03,MEC,588
2078,1003,2026-12-03,MEC,302
2078,1003,2026-12-04,MEC,90
2078,1004,2026-12-04,MEC,490
2078,1005,2026-12-04,MEC,830
2078,1005,2026-12-04,MEC,97
2078,1006,2026-12-05,MEC,1035
2078,1007,2026-12-05,MEC,280
2078,1009,2026-12-06,MEC,1405
2078,1009,2026-12-06,MEC,160
2078,1010,2026-12-08,MEC,1245
2078,1010,2026-12-09,MEC,254
2078,1011,2026-12-15,MEC,83
2078,1011,2026-12-16,MEC,293
2078,1012,2026-12-16,MEC,953
2078,1013,2026-12-09,MEC,816
2078,1014,2026-12-17,MEC,440
2078,1014,2026-12-17,MEC,138
2078,1015,2026-12-17,MEC,700
2078,1019,2026-12-18,MEC,545
2078,1020,2026-12-19,MEC,266
2078,1020,2026-12-20,MEC,1058
2078,1021,2026-12-09,MEC,335
2078,1021,2026-12-10,MEC,814
2078,1022,2027-01-30,MEC,274
2078,1024,2027-01-30,MEC,463
2078,1025,2027-01-30,MEC,219
2078,1027,2027-01-31,MEC,1300
2078,1028,2027-02-02,MEC,195.41
2078,1028,2027-02-03,MEC,764.96
2078,1029,2027-02-03,MEC,640.84
2078,1029,2027-02-04,MEC,209.45
2078,1031,2026-11-11,MEC,362
2078,1032,2026-12-12,MEC,446
2078,1032,2026-12-13,MEC,125
2078,1033,2026-12-13,MEC,524
2078,1034,2026-12-13,MEC,405
2078,1035,2027-02-06,MEC,1147.26
2078,1036,2027-02-09,MEC,379.08
2078,1036,2027-02-10,MEC,473.37
2078,1037,2026-11-08,MEC,1400
2078,1037,2026-11-10,MEC,1023
2078,1038,2026-11-10,MEC,382
2078,1038,2026-11-11,MEC,393
2078,1039,2026-11-11,MEC,650
2078,1039,2026-11-12,MEC,507
2078,1040,2026-11-12,MEC,898
2078,1040,2026-11-13,MEC,1405
2078,1040,2026-11-14,MEC,262
2078,1041,2026-12-10,MEC,516
2078,1042,2026-12-10,MEC,74
2078,1042,2026-12-11,MEC,454
2078,1043,2026-12-11,MEC,535
2078,1044,2026-11-14,MEC,1143
2078,1044,2026-11-15,MEC,519
2078,1045,2026-11-15,MEC,712
2078,1046,2026-12-11,MEC,415
2078,1046,2026-12-12,MEC,544
2078,1047,2026-12-12,MEC,65
2078,1048,2026-12-12,MEC,349
2078,1049,2026-11-15,MEC,170
2078,1050,2026-11-17,MEC,242
2078,1055,2027-02-11,MEC,1307.97
2078,1056,2027-02-13,MEC,546.16
2078,1057,2027-02-14,MEC,300.98
2078,1058,2027-02-16,MEC,609.01
2078,1059,2027-02-16,MEC,172.55
2078,1059,2027-02-17,MEC,1405.8
2078,1059,2027-02-18,MEC,20.59
2078,1060,2027-02-18,MEC,104
2078,1061,2027-02-18,MEC,493.98
2078,1061,2027-02-20,MEC,407.74
2078,1062,2027-02-21,MEC,1106.43
2078,1063,2027-02-21,MEC,113.51
2078,1063,2027-02-23,MEC,920
2078,1501,2026-12-22,MEC,158
2078,3201,2026-12-13,MEC,296
2078,3301,2026-12-13,MEC,53
2078,3301,2026-12-15,MEC,185
2078,3401,2026-12-15,MEC,272
2078,3501,2027-02-07,MEC,838.4
2078,3601,2027-02-23,MEC,268.14
2078,5001,2026-11-19,MEC,170
2078,6201,2027-02-23,MEC,240
2078,6201,2027-02-24,MEC,264.27
2078,6301,2027-02-24,MEC,455.76
2136,1001,2027-03-14,MEC,525
2136,1002,2027-03-14,MEC,435
2136,1003,2027-03-14,MEC,512
2136,1004,2027-03-14,MEC,521
2136,1005,2027-03-14,MEC,605
2136,1006,2027-03-16,MEC,662
2136,1007,2027-03-16,MEC,700
2136,1008,2027-03-16,MEC,675
2136,1009,2027-02-13,MAN,200
2136,1011,2027-03-17,MEC,600
2136,1018,2027-03-17,MEC,700
2136,1019,2027-02-13,MAN,1050
2153,1001,2026-09-21,MAN,1000
2153,1001,2026-12-16,MEC,500
2153,1001,2026-12-17,MEC,600
2162,1001,2026-12-30,MEC,182
2162,1001,2026-12-31,MEC,1405
2162,1001,2027-01-02,MEC,1200
2162,1002,2027-01-02,MEC,213
2162,1002,2027-01-03,MEC,1400
2162,1002,2027-01-05,MEC,548
2162,1003,2027-01-05,MEC,857
2162,1003,2027-01-06,MEC,175
2162,1004,2027-01-06,MEC,1023
2162,1005,2027-01-06,MEC,206
2162,1005,2027-01-07,MEC,1400
2162,1005,2027-01-07,MEC,1275
2162,1006,2027-01-07,MEC,130
2162,1006,2027-01-08,MEC,1400
2162,1006,2027-01-09,MEC,879
2162,1009,2027-01-09,MEC,526
2162,1009,2027-01-10,MEC,1400
2162,1009,2027-01-12,MEC,408
2162,1012,2027-01-12,MEC,997
2162,1012,2027-01-13,MEC,1011
2162,1018,2027-01-13,MEC,394
2162,1018,2027-01-14,MEC,1176
2162,1018,2027-01-15,MEC,626
2162,1019,2027-01-14,MEC,230
2162,1019,2027-01-15,MEC,713
2162,1026,2026-12-27,MEC,612
2162,1027,2026-12-29,MEC,230
2162,1028,2026-12-29,MEC,909
2162,1029,2026-12-29,MEC,32
2162,1029,2026-12-30,MEC,440
2162,1030,2026-12-30,MEC,466
2162,1031,2026-12-30,MEC,316
2162,1061,2027-02-24,MEC,420
2162,1062,2027-02-24,MEC,300
2162,1062,2027-02-25,MEC,563.31
2162,1063,2027-02-25,MEC,842.49
2162,1063,2027-02-26,MEC,99.46
2162,1064,2027-02-26,MEC,1297.68
2183,35,2027-02-28,MEC,159.64
2183,36,2027-02-28,MEC,358.84
2183,40,2027-02-28,MEC,723.09
2183,41,2027-02-28,MEC,164.23
2183,1002,2026-12-15,MEC,864
2183,1003,2026-12-16,MEC,158
2183,1003,2026-12-17,MEC,1267
2183,1004,2026-12-17,MEC,264
2183,1004,2026-12-18,MEC,797
2183,1005,2026-12-22,MEC,627
2183,1005,2026-12-23,MEC,820
2183,1006,2026-12-23,MEC,577
2183,1007,2026-12-24,MEC,236
2183,1008,2026-12-18,MEC,63
2183,1008,2026-12-19,MEC,1138
2183,1009,2026-12-20,MEC,347
2183,1009,2026-12-22,MEC,620
2183,1010,2026-12-24,MEC,948
2183,1011,2026-12-25,MEC,311
2183,1012,2026-12-25,MEC,192
2183,1012,2026-12-26,MEC,193
2183,1013,2026-12-24,MEC,180
2183,1014,2026-12-24,MEC,40
2183,1014,2026-12-25,MEC,901
2183,1015,2026-12-26,MEC,877
2183,1016,2026-12-26,MEC,335
2183,1016,2026-12-27,MEC,115
2183,1017,2026-12-27,MEC,156
2183,1018,2026-12-27,MEC,337
2183,1019,2026-12-27,MEC,160
2183,1020,2026-12-29,MEC,157
2183,1021,2026-11-29,MEC,469
2183,1022,2026-11-29,MEC,554
2183,1025,2026-11-29,MEC,211
2183,1025,2026-12-01,MEC,395
2183,1026,2026-12-01,MEC,710
2183,1027,2026-12-01,MEC,299
2183,1030,2026-12-02,MEC,319
2183,1031,2026-11-24,MEC,180
2183,1031,2026-11-25,MEC,426
2183,1032,2026-11-25,MEC,976
2183,1033,2026-11-26,MEC,1005
2183,1034,2027-02-27,MEC,780.22
2183,1035,2027-02-27,MEC,625.58
2183,1037,2026-11-26,MEC,400
2183,1037,2026-11-27,MEC,1017
2183,1038,2026-11-27,MEC,387
2183,1038,2026-11-28,MEC,550
2183,1039,2026-11-28,MEC,854
2183,1039,2026-11-29,MEC,169
2183,1041,2027-03-02,MEC,441.64
2183,1042,2027-03-02,MEC,61.63
2183,1043,2027-03-02,MEC,108.72
2183,1044,2027-03-02,MEC,793.81
2183,1044,2027-03-03,MEC,175.65
2183,1045,2027-03-03,MEC,425.06
2183,1046,2027-03-03,MEC,502.19
2183,1047,2027-03-03,MEC,302.9
2183,1047,2027-03-04,MEC,285.74
2183,1048,2027-03-04,MEC,644.76
2183,1050,2027-03-04,MEC,77.2
2183,1055,2027-03-04,MEC,398.1
2183,1055,2027-03-05,MEC,82.6
2183,1056,2027-03-05,MEC,367.45
2183,1060,2027-03-05,MEC,335.13
2183,1061,2027-03-05,MEC,620.62
2183,1061,2027-03-06,MEC,163.56
2183,1062,2027-03-06,MEC,810.56
2183,1063,2027-03-06,MEC,431.68
2183,1902,2026-12-29,MEC,98
2183,2027,2026-12-02,MEC,312
2183,2028,2026-12-02,MEC,438
2183,2029,2026-12-02,MEC,306
2184,1001,2026-11-30,MAN,527
2184,1001,2026-12-06,MAN,573
2271,1001,2026-11-09,MAN,250
2292,1001,2026-12-30,MAN,550
2293,1001,2026-11-28,MAN,97
2293,1001,2026-11-29,MAN,453
2306,1001,2026-12-17,MAN,100
2310,1001,2026-10-19,MAN,810
2310,1001,2026-10-20,MAN,290
2315,1001,2026-12-17,MAN,50
2344,1001,2026-12-27,MAN,250
2367,1001,2026-12-13,MAN,400
2375,1001,2026-11-28,MAN,250
2377,1001,2026-09-25,MAN,790
2377,1001,2026-09-26,MAN,210
2400,1001,2026-09-30,MEC,500
2400,1001,2026-10-01,MEC,500
2400,1001,2026-10-02,MEC,500
2400,1001,2026-10-03,MEC,500
2401,1001,2026-09-26,MEC,500
2401,1001,2026-09-27,MEC,500
2401,1001,2026-09-29,MEC,500
2406,1001,2026-12-26,MAN,1800
2406,1001,2026-12-27,MAN,1650
2416,1001,2026-12-08,MAN,600
2419,1001,2026-12-16,MEC,600
2427,1001,2026-11-03,MAN,222
2427,1002,2026-11-03,MAN,200
2427,1004,2026-11-03,MAN,600
2427,1004,2026-11-04,MAN,600
2427,1005,2026-11-04,MAN,517
2427,1006,2026-11-05,MAN,494
2427,1008,2026-11-05,MAN,492
2427,1008,2026-11-06,MAN,1000
2427,1010,2026-11-07,MAN,1000
2427,1010,2026-11-08,MAN,280
2427,1011,2026-11-08,MAN,519
2427,1012,2026-11-08,MAN,329
2427,1014,2026-11-10,MAN,700
2427,1028,2026-11-10,MAN,400
2427,1029,2026-11-11,MAN,1000
2427,1029,2026-11-12,MAN,420
2427,1032,2026-11-12,MAN,600
2427,1032,2026-11-13,MAN,600
2427,1033,2026-11-13,MAN,590
2427,1034,2026-11-14,MAN,540
2427,1035,2026-11-14,MAN,292
2427,1036,2026-11-14,MAN,300
2427,1036,2026-11-16,MAN,510
2427,1037,2026-11-16,MAN,750
2427,1038,2026-11-17,MAN,600
2427,1039,2026-11-17,MAN,600
2427,1040,2026-11-18,MAN,827
2427,1041,2026-11-18,MAN,200
2427,1041,2026-11-19,MAN,570
2427,1042,2026-11-19,MAN,340
2433,1001,2026-11-09,MAN,200
2435,1001,2026-12-11,MEC,570
2435,1002,2026-12-11,MEC,500
2435,1003,2026-12-15,MEC,550
2435,1004,2026-12-13,MEC,1000
2435,1005,2026-12-15,MEC,350
2435,1006,2026-12-12,MEC,800
2435,1007,2026-12-16,MEC,935
2435,1008,2026-12-17,MEC,1000
2435,1009,2026-12-18,MEC,326
2438,1001,2026-12-13,MAN,500
2461,1001,2026-09-16,MEC,500
2461,1001,2026-09-17,MEC,500
2461,1001,2026-11-07,MAN,650
2461,1001,2026-12-31,MAN,1000
2461,1001,2027-01-02,MAN,300
2462,1001,2026-12-18,MAN,650
2462,1001,2026-12-19,MAN,2500
2462,1001,2026-12-20,MAN,2500
2462,1001,2026-12-21,MAN,750
2462,1001,2026-12-22,MAN,2500
2462,1001,2026-12-23,MAN,1100
2463,1001,2026-12-17,MAN,30
2464,1001,2026-10-15,MAN,410
2464,1001,2026-10-16,MAN,1000
2464,1001,2026-10-17,MAN,1000
2464,1001,2026-10-18,MAN,590
2468,1001,2026-11-08,MAN,400
2483,1001,2026-11-10,MAN,500
2483,1001,2027-01-02,MAN,700
2488,1001,2026-11-11,MEC,1000
2494,1001,2026-11-12,MEC,800
2505,1001,2026-12-24,MEC,1100
2505,1001,2026-12-28,MAN,300
2516,1001,2026-11-09,MAN,50
2518,1001,2026-12-18,MAN,350
2540,1001,2026-12-13,MAN,180
2542,1001,2026-09-20,MAN,40
2542,1001,2026-09-22,MAN,1000
2542,1001,2026-09-23,MAN,260
2543,1001,2027-01-03,MAN,300
2546,1001,2026-12-07,MAN,500
2555,1001,2026-11-30,MAN,120
2583,1001,2026-11-06,MEC,1000
2583,1001,2026-11-07,MEC,1000
2583,1001,2026-11-08,MEC,1000
2583,1001,2026-11-10,MEC,1000
2583,1001,2026-12-24,MAN,900
2583,1001,2026-12-25,MAN,600
2591,1001,2026-10-02,MAN,110
2591,1002,2026-10-02,MAN,1000
2591,1003,2026-11-29,MEC,1670
2591,1003,2027-01-03,MAN,100
2591,1004,2026-11-29,MEC,400
2591,1004,2026-12-01,MEC,1000
2591,1005,2026-12-01,MEC,1084
2591,1006,2026-12-02,MEC,1630
2591,1007,2026-12-02,MEC,520
2591,1008,2026-12-03,MEC,825
2591,1009,2026-12-03,MEC,912
2591,1010,2026-12-04,MEC,775
2591,1011,2026-12-04,MEC,483
2591,1012,2027-03-18,MEC,400
2591,1013,2027-03-18,MEC,280
2591,1014,2027-03-18,MEC,650
2591,1015,2027-03-18,MEC,730
2591,1016,2026-12-04,MEC,700
2591,1017,2026-12-05,MEC,1128
2591,1018,2026-12-05,MEC,1123
2591,1019,2026-12-06,MEC,822
2591,1020,2026-12-06,MEC,535
2591,1021,2026-12-06,MEC,430
2591,1021,2027-01-03,MAN,50
2591,1022,2026-12-06,MEC,737
2591,1023,2026-12-08,MEC,820
2591,1024,2026-12-08,MEC,1120
2591,1025,2026-12-09,MEC,1116
2591,1026,2026-12-09,MEC,800
2591,1027,2027-03-19,MEC,765
2591,1028,2027-03-19,MEC,350
2591,1029,2027-02-14,MAN,484
2591,1031,2026-12-10,MEC,785
2591,1032,2026-12-10,MEC,1110
2591,1033,2026-12-11,MEC,1120
2591,1034,2026-12-11,MEC,820
2591,1035,2026-12-12,MEC,845
2591,1035,2027-01-03,MAN,30
2591,1036,2026-12-12,MEC,1566
2591,1036,2027-01-03,MAN,50
2591,1037,2026-12-13,MEC,820
2591,1037,2027-01-03,MAN,50
2591,1038,2026-12-13,MEC,900
2591,1039,2026-12-15,MEC,881
2591,1040,2026-12-15,MEC,1133
2591,1041,2026-12-16,MEC,1130
2591,1042,2026-12-16,MEC,580
2591,1043,2027-03-19,MEC,900
2591,1044,2027-02-14,MAN,630
2591,1045,2027-02-14,MAN,365
2591,1048,2026-12-16,MEC,500
2591,1048,2026-12-17,MEC,610
2591,1049,2026-12-17,MEC,1120
2591,1050,2026-12-17,MEC,500
2591,1050,2026-12-18,MEC,500
2591,1051,2026-12-18,MEC,900
2591,1052,2026-12-18,MEC,810
2591,1053,2026-11-23,MAN,103
2591,1054,2026-11-23,MAN,309
2591,1055,2026-12-19,MEC,1455
2591,1056,2026-12-19,MEC,778
2591,1057,2026-12-20,MEC,806
2591,1058,2026-12-20,MEC,1105
2591,1059,2026-12-22,MEC,1100
2591,1061,2026-12-22,MEC,440
2591,1061,2027-03-20,MEC,440
2591,1063,2026-11-23,MAN,656
2591,1064,2026-12-22,MEC,730
2591,1065,2026-12-23,MEC,661
2591,1066,2026-12-23,MEC,700
2591,1067,2026-12-24,MEC,1375
2591,1068,2026-11-20,MAN,65
2591,1068,2027-01-03,MAN,65
2591,1069,2026-09-09,MAN,120
2591,1070,2026-09-09,MAN,90
2601,1001,2026-09-18,MEC,500
2601,1001,2026-09-19,MEC,500
2601,1001,2026-09-20,MEC,500
2601,1001,2026-09-21,MEC,500
2601,1001,2026-09-22,MEC,500
2601,1001,2026-09-23,MEC,500
2601,1001,2027-01-07,MAN,200
2601,1001,2027-01-08,MAN,1500
2601,1001,2027-01-09,MAN,1500
2610,1001,2026-10-02,MAN,400
2611,1001,2026-12-17,MAN,100
2619,1001,2026-11-07,MAN,37
2619,1001,2026-11-08,MAN,563
2620,1001,2026-10-15,MAN,260
2621,1001,2026-10-15,MAN,200
2622,1001,2026-11-08,MAN,37
2622,1001,2026-11-09,MAN,113
2623,1001,2026-12-25,MEC,300
2643,1001,2026-11-26,MAN,97
2643,1001,2026-11-27,MAN,203
2677,1001,2026-12-17,MEC,500
2678,1001,2026-09-23,MAN,350
2680,1001,2026-09-23,MAN,290
2680,1001,2026-09-24,MAN,1000
2680,1001,2026-09-25,MAN,210
2680,1001,2026-11-27,MAN,400
2691,1001,2026-10-24,MAN,510
2691,1001,2026-10-25,MAN,1000
2691,1001,2026-10-27,MAN,1000
2691,1001,2026-10-28,MAN,1000
2691,1001,2026-10-29,MAN,543
2691,1001,2026-11-03,MAN,500
2691,1001,2026-11-04,MAN,1000
2691,1001,2026-11-05,MAN,863
2695,1001,2026-12-08,MAN,1100
2699,1001,2026-09-24,MEC,500
2699,1001,2026-09-25,MEC,500
2699,1001,2026-10-23,MAN,610
2699,1001,2026-10-24,MAN,490
2702,1001,2026-11-18,MAN,80
2703,1001,2026-12-26,MEC,1000
2706,1001,2026-12-18,MAN,1000
2712,1010,2026-10-18,MEC,1600
2732,1001,2026-12-28,MAN,200
2737,1001,2026-11-30,MAN,70
2746,1001,2026-11-13,MEC,200
2746,1002,2026-11-13,MEC,625
2772,1001,2026-10-20,MAN,710
2772,1001,2026-10-21,MAN,1000
2772,1001,2026-10-22,MAN,790
2776,1001,2026-10-30,MAN,450
2779,1001,2026-10-09,MEC,1280
2779,1002,2026-10-09,MEC,590
2779,1003,2026-10-09,MEC,142
2779,1004,2026-10-09,MEC,560
2779,1009,2026-10-10,MEC,570
2779,1010,2026-10-10,MEC,558
2779,1011,2026-10-10,MEC,609
2779,1012,2026-10-10,MEC,560
2779,1013,2026-10-11,MEC,529
2779,1014,2026-10-11,MEC,519
2779,1015,2026-10-11,MEC,516
2779,1016,2026-10-11,MEC,1134
2779,1017,2026-10-13,MEC,833
2779,1018,2026-10-13,MEC,496
2779,1019,2026-10-13,MEC,473
2779,1020,2026-10-13,MEC,492
2779,1021,2026-10-10,MEC,242
2779,1022,2026-10-13,MEC,340
2779,1023,2026-10-14,MEC,488
2779,1025,2026-10-14,MEC,629
2779,1026,2026-10-14,MEC,606
2779,1027,2026-10-14,MEC,570
2779,1028,2026-10-14,MEC,300
2779,1028,2026-10-15,MEC,268
2779,1029,2026-10-15,MEC,550
2779,1030,2026-10-15,MEC,520
2779,1031,2026-10-15,MEC,545
2779,1032,2026-10-15,MEC,516
2779,1033,2026-10-15,MEC,100
2779,1033,2026-10-16,MEC,220
2779,1034,2026-10-16,MEC,1100
2779,1035,2026-10-16,MEC,1000
2779,1036,2026-10-18,MAN,381
2779,1036,2026-10-19,MAN,377
2779,1037,2026-10-16,MAN,500
2779,1038,2026-10-17,MAN,567
2779,1039,2026-10-18,MAN,119
2779,1040,2026-10-20,MAN,326
2780,109,2026-10-22,MEC,700
2780,1003,2026-10-17,MEC,1100
2780,1004,2026-10-17,MEC,1300
2780,1005,2026-10-18,MEC,690
2780,1006,2026-10-18,MEC,668
2780,1007,2026-10-18,MEC,567
2780,1008,2026-10-20,MEC,700
2780,1009,2026-10-20,MEC,600
2780,1011,2026-10-18,MEC,423
2780,1021,2026-10-20,MEC,1000
2780,1023,2026-10-21,MEC,715
2780,1024,2026-10-21,MEC,910
2780,1026,2026-10-21,MEC,670
2780,1027,2026-10-22,MEC,600
2780,1028,2026-10-22,MEC,400
2780,1030,2026-10-22,MEC,700
2780,1031,2026-10-23,MEC,676
2780,1032,2026-10-23,MEC,530
2780,1035,2026-10-23,MEC,1140
2780,1038,2026-10-24,MEC,112
2780,1039,2026-10-24,MEC,918
2780,1040,2027-01-09,MEC,600
2780,1041,2027-01-09,MEC,700
2780,1042,2027-01-09,MEC,600
2780,1043,2027-01-10,MEC,490
2780,1044,2027-01-10,MEC,470
2780,1045,2027-01-10,MEC,400
2780,1046,2027-01-12,MEC,1390
2780,1048,2027-01-10,MEC,120
2780,1049,2027-01-13,MEC,1440
2780,1051,2027-01-10,MEC,550
2780,1052,2027-01-13,MEC,148
2780,1053,2027-01-12,MEC,183
2780,1054,2027-01-12,MEC,460
2780,1055,2027-01-13,MEC,480
2780,1056,2027-01-15,MEC,670
2780,1057,2027-01-14,MEC,660
2780,1058,2027-01-14,MEC,1260
2780,1059,2027-01-20,MEC,1000
2780,1060,2027-01-15,MEC,780
2780,1061,2027-01-15,MEC,760
2780,1062,2027-01-17,MEC,620
2780,1063,2027-01-17,MEC,610
2780,1064,2027-01-17,MEC,690
2780,1065,2027-01-19,MEC,719
2780,1066,2027-01-19,MEC,550
2780,1067,2027-01-19,MEC,580
2780,1068,2027-01-20,MEC,615
2780,1069,2027-01-20,MEC,400
2780,1069,2027-01-21,MEC,215
2780,1070,2027-01-21,MEC,40
2800,1001,2026-11-27,MAN,147
2800,1001,2026-11-28,MAN,153
2803,1001,2026-12-18,MEC,600
2803,1001,2026-12-19,MEC,1000
2803,1001,2026-12-20,MEC,400
2806,1001,2026-12-06,MEC,1000
2806,1001,2026-12-08,MEC,890
2806,1002,2026-12-09,MEC,1000
2806,1002,2026-12-10,MEC,720
2806,1003,2026-12-10,MEC,300
2806,1003,2026-12-11,MEC,1000
2806,1003,2026-12-12,MEC,400
2806,1004,2026-12-12,MEC,895
2806,1004,2026-12-13,MEC,1000
2821,1001,2026-12-28,MAN,300
2825,1001,2026-12-29,MAN,1500
2834,1001,2026-11-09,MAN,387
2834,1001,2026-11-10,MAN,213
2838,1001,2026-10-18,MEC,1600
2838,1001,2026-12-25,MEC,600
2838,1001,2026-12-30,MAN,300
2841,1001,2027-01-03,MAN,120
2841,1001,2027-01-05,MAN,150
